,k_value,rsquare
0,73795.66320400374,0.7982575366145572
